2026-05-14_13-29-25,0,draft.go:2026-05-14_13-29-25
2026-05-14_13-31-10,0,draft.go:2026-05-14_13-31-10
2026-05-15_09-58-16,0,draft.go:2026-05-14_13-31-10
2026-05-15_10-00-12,0,draft.go:2026-05-15_10-00-12
2026-05-15_10-00-41,0,draft.go:2026-05-15_10-00-41
2026-05-15_10-02-22,0,draft.go:2026-05-15_10-02-22
2026-05-15_10-03-20,0,draft.go:2026-05-15_10-03-20
2026-05-15_10-03-48,0,draft.go:2026-05-15_10-03-48
2026-05-15_10-04-50,0,draft.go:2026-05-15_10-04-50
2026-05-15_10-06-39,0,draft.go:2026-05-15_10-06-39
2026-05-15_10-11-04,0,draft.go:2026-05-15_10-11-04
2026-05-15_10-11-50,0,draft.go:2026-05-15_10-11-50
2026-05-15_10-12-08,0,draft.go:2026-05-15_10-12-08
2026-05-15_10-13-45,0,draft.go:2026-05-15_10-13-45
2026-05-15_10-14-05,0,draft.go:2026-05-15_10-14-05
2026-05-15_10-14-40,100,draft.go:2026-05-15_10-14-40
