2026-04-03_21-50-24,0,main.go:2026-04-03_21-50-24
2026-04-03_21-56-00,0,main.go:2026-04-03_21-56-00
2026-04-03_21-56-46,---,main.go:2026-04-03_21-56-00
2026-04-03_22-15-05,0,main.go:2026-04-03_22-15-05
2026-04-03_22-15-54,0,main.go:2026-04-03_22-15-05
2026-04-03_22-16-00,---,main.go:2026-04-03_22-15-05
2026-04-03_22-16-54,16,main.go:2026-04-03_22-16-54
2026-04-03_22-17-32,16,main.go:2026-04-03_22-17-32
2026-04-03_22-18-07,33,main.go:2026-04-03_22-18-07
2026-04-13_11-27-08,33,main.go:2026-04-03_22-18-07
2026-05-11_22-03-49,33,main.go:2026-04-03_22-18-07
2026-05-11_22-06-09,0,main.go:2026-05-11_22-06-09
2026-05-12_19-43-20,33,main.go:2026-05-12_19-43-20
2026-05-12_19-57-30,---,main.go:2026-05-12_19-57-30
2026-05-12_19-57-49,---,main.go:2026-05-12_19-57-30
2026-05-12_20-01-30,---,main.go:2026-05-12_20-01-30
2026-05-12_20-51-19,50,main.go:2026-05-12_20-51-19
2026-05-12_21-14-10,---,main.go:2026-05-12_21-14-10
2026-05-12_21-16-14,83,main.go:2026-05-12_21-16-14
2026-05-12_21-53-51,---,main.go:2026-05-12_21-53-51
2026-05-12_22-24-54,---,main.go:2026-05-12_22-24-54
2026-05-12_22-25-10,100,main.go:2026-05-12_22-24-54
