2026-05-11_14-40-45,100,draft.go:2026-05-11_14-40-45
2026-05-11_14-41-25,100,draft.go:2026-05-11_14-41-25
2026-05-11_14-42-05,100,draft.go:2026-05-11_14-42-05
2026-05-11_14-44-50,0,draft.go:2026-05-11_14-44-50
2026-05-11_14-45-32,0,main.go:2026-05-11_14-45-32
2026-05-11_14-54-19,0,main.go:2026-05-11_14-54-19
2026-05-11_15-06-39,0,main.go:2026-05-11_15-06-39
2026-05-11_15-09-39,18,main.go:2026-05-11_15-09-39
2026-05-11_15-13-23,9,main.go:2026-05-11_15-13-23
2026-05-11_15-14-02,18,main.go:2026-05-11_15-14-02
2026-05-11_15-17-14,18,main.go:2026-05-11_15-17-14
2026-05-11_15-19-56,18,main.go:2026-05-11_15-19-56
2026-05-11_15-31-20,18,main.go:2026-05-11_15-31-20
2026-05-11_15-33-53,18,main.go:2026-05-11_15-33-53
2026-05-11_15-35-46,18,main.go:2026-05-11_15-35-46
2026-05-11_15-36-41,18,main.go:2026-05-11_15-36-41
2026-05-11_15-37-38,18,main.go:2026-05-11_15-36-41
2026-05-11_15-37-41,18,main.go:2026-05-11_15-36-41
2026-05-11_15-37-48,18,main.go:2026-05-11_15-36-41
2026-05-11_15-37-51,---,main.go:2026-05-11_15-36-41
2026-05-11_15-38-21,---,main.go:2026-05-11_15-36-41
2026-05-11_15-38-32,---,main.go:2026-05-11_15-36-41
2026-05-11_15-38-57,---,main.go:2026-05-11_15-36-41
2026-05-11_15-42-28,18,main.go:2026-05-11_15-42-28
2026-05-11_15-43-30,---,main.go:2026-05-11_15-43-30
