2026-05-13_21-11-36,---,main.go:2026-05-13_21-11-36
2026-05-13_21-48-35,---,main.go:2026-05-13_21-48-35
2026-05-13_22-08-57,---,main.go:2026-05-13_22-08-57
2026-05-13_22-55-28,---,main.go:2026-05-13_22-55-28
2026-05-13_23-00-35,33,main.go:2026-05-13_23-00-35
2026-05-13_23-01-25,---,main.go:2026-05-13_23-00-35
2026-05-13_23-13-44,0,main.go:2026-05-13_23-13-44
2026-05-13_23-14-07,66,main.go:2026-05-13_23-14-07
2026-05-13_23-16-15,66,main.go:2026-05-13_23-16-15
2026-05-13_23-16-42,66,main.go:2026-05-13_23-16-42
2026-05-13_23-17-24,100,main.go:2026-05-13_23-17-24
