2026-05-19_16-16-20,---,draft.go:2026-05-19_16-16-20
2026-05-19_22-17-30,---,draft.go:2026-05-19_22-17-30
2026-05-19_22-53-31,50,draft.go:2026-05-19_22-53-31
2026-05-19_22-57-12,0,draft.go:2026-05-19_22-57-12
2026-05-19_23-08-35,54,draft.go:2026-05-19_23-08-35
2026-05-19_23-13-17,0,draft.go:2026-05-19_23-13-17
2026-05-19_23-26-43,0,draft.go:2026-05-19_23-26-43
2026-05-19_23-27-16,0,draft.go:2026-05-19_23-27-16
2026-05-20_08-24-22,0,draft.go:2026-05-20_08-24-22
2026-05-20_08-24-44,0,draft.go:2026-05-20_08-24-44
2026-05-20_08-26-06,0,draft.go:2026-05-20_08-26-06
2026-05-20_08-26-30,0,draft.go:2026-05-20_08-26-30
2026-05-20_08-31-53,0,draft.go:2026-05-20_08-31-53
2026-05-20_08-52-38,66,draft.go:2026-05-20_08-52-38
2026-05-20_08-53-50,66,draft.go:2026-05-20_08-52-38
2026-05-20_08-54-02,66,draft.go:2026-05-20_08-52-38
2026-05-20_09-40-39,87,draft.go:2026-05-20_09-40-39
2026-05-20_09-43-41,91,draft.go:2026-05-20_09-43-41
2026-05-20_09-51-51,91,draft.go:2026-05-20_09-51-51
2026-05-20_09-54-50,54,draft.go:2026-05-20_09-54-50
2026-05-20_15-57-38,79,draft.go:2026-05-20_15-57-38
2026-05-20_15-59-10,91,draft.go:2026-05-20_15-59-10
2026-05-20_16-18-39,87,draft.go:2026-05-20_16-18-39
2026-05-20_16-20-08,87,draft.go:2026-05-20_16-20-08
2026-05-20_16-36-11,62,draft.go:2026-05-20_16-36-11
2026-05-20_16-37-26,62,draft.go:2026-05-20_16-37-26
2026-05-20_16-41-25,62,draft.go:2026-05-20_16-41-25
2026-05-20_16-49-00,62,draft.go:2026-05-20_16-49-00
2026-05-20_16-49-22,62,draft.go:2026-05-20_16-49-22
2026-05-20_19-38-29,62,draft.go:2026-05-20_19-38-29
2026-05-20_19-47-38,62,draft.go:2026-05-20_19-47-38
2026-05-20_19-48-35,0,draft.go:2026-05-20_19-48-35
2026-05-20_19-49-30,62,draft.go:2026-05-20_19-49-30
2026-05-20_19-53-53,4,draft.go:2026-05-20_19-53-53
2026-05-20_19-58-03,4,draft.go:2026-05-20_19-53-53
2026-05-20_20-00-18,100,draft.go:2026-05-20_20-00-18
