2026-03-15_21-48-01,0,draft.go:2026-03-15_21-48-01
2026-03-15_21-48-02,0,draft.go:2026-03-15_21-48-01
2026-03-15_21-48-04,0,draft.go:2026-03-15_21-48-01
2026-03-15_21-48-06,0,draft.go:2026-03-15_21-48-01
2026-03-15_21-48-08,0,draft.go:2026-03-15_21-48-01
2026-03-15_21-48-10,0,draft.go:2026-03-15_21-48-01
2026-03-15_21-48-12,0,draft.go:2026-03-15_21-48-01
2026-03-15_21-48-12,---,draft.go:2026-03-15_21-48-01
2026-03-15_21-49-21,---,draft.go:2026-03-15_21-49-21
2026-03-15_21-49-47,100,draft.go:2026-03-15_21-49-47
