2026-05-22_10-36-11,25,main.go:2026-05-22_10-36-11;stack.go:2026-05-22_10-36-11
2026-05-26_20-12-30,25,main.go:2026-05-22_10-36-11;stack.go:2026-05-22_10-36-11
2026-05-26_20-22-40,0,main.go:2026-05-26_20-22-40;stack.go:2026-05-22_10-36-11
2026-05-26_20-24-04,0,main.go:2026-05-26_20-24-04;stack.go:2026-05-22_10-36-11
2026-05-26_20-24-15,0,main.go:2026-05-26_20-24-15;stack.go:2026-05-22_10-36-11
2026-05-26_20-24-28,0,main.go:2026-05-26_20-24-28;stack.go:2026-05-22_10-36-11
2026-05-26_20-24-40,0,main.go:2026-05-26_20-24-40;stack.go:2026-05-22_10-36-11
2026-05-26_20-25-04,0,main.go:2026-05-26_20-25-04;stack.go:2026-05-22_10-36-11
2026-05-26_20-25-11,0,main.go:2026-05-26_20-25-11;stack.go:2026-05-22_10-36-11
2026-05-26_20-27-36,0,main.go:2026-05-26_20-27-36;stack.go:2026-05-22_10-36-11
2026-05-26_21-52-48,25,main.go:2026-05-26_21-52-48;stack.go:2026-05-22_10-36-11
