2026-03-16_21-14-12,0,draft.go:2026-03-16_21-14-12
2026-03-16_21-14-30,---,draft.go:2026-03-16_21-14-12
2026-03-16_21-40-55,0,draft.go:2026-03-16_21-40-55
2026-03-16_21-49-02,0,draft.go:2026-03-16_21-49-02
2026-03-16_22-13-00,8,draft.go:2026-03-16_22-13-00
2026-03-16_22-13-35,---,draft.go:2026-03-16_22-13-00
2026-03-16_22-14-15,---,draft.go:2026-03-16_22-13-00
2026-03-16_22-24-37,8,draft.go:2026-03-16_22-24-37
2026-03-16_22-29-27,8,draft.go:2026-03-16_22-29-27
2026-03-16_22-54-12,8,draft.go:2026-03-16_22-54-12
2026-03-17_16-39-18,16,draft.go:2026-03-17_16-39-18
2026-03-17_16-53-36,16,draft.go:2026-03-17_16-39-18
2026-03-17_16-54-51,16,draft.go:2026-03-17_16-39-18
2026-03-17_16-55-11,16,draft.go:2026-03-17_16-39-18
2026-03-23_16-01-45,16,draft.go:2026-03-17_16-39-18
2026-03-23_16-03-33,16,draft.go:2026-03-17_16-39-18
2026-03-23_16-03-36,16,draft.go:2026-03-17_16-39-18
2026-03-23_16-03-41,---,draft.go:2026-03-17_16-39-18
2026-03-23_16-13-03,16,draft.go:2026-03-17_16-39-18
2026-03-23_16-13-22,---,draft.go:2026-03-17_16-39-18
2026-03-23_16-16-35,16,draft.go:2026-03-17_16-39-18
2026-03-23_16-17-43,0,draft.go:2026-03-23_16-17-43
2026-03-23_16-17-56,16,draft.go:2026-03-23_16-17-56
2026-03-23_16-18-33,16,draft.go:2026-03-23_16-17-56
2026-03-23_16-23-38,16,draft.go:2026-03-23_16-23-38
2026-03-23_16-24-55,0,draft.go:2026-03-23_16-24-55
2026-03-23_16-26-22,0,draft.go:2026-03-23_16-26-22
2026-03-23_16-27-03,100,draft.go:2026-03-23_16-27-03
