2026-05-18_11-04-16,0,main.go:2026-05-18_11-04-16
2026-05-18_11-38-18,0,main.go:2026-05-18_11-38-18
2026-05-18_11-39-10,0,main.go:2026-05-18_11-39-10
2026-05-18_11-39-39,0,main.go:2026-05-18_11-39-10
2026-05-18_11-40-16,---,main.go:2026-05-18_11-39-10
2026-05-18_11-42-41,0,main.go:2026-05-18_11-42-41
2026-05-18_11-43-59,16,main.go:2026-05-18_11-43-59
2026-05-18_11-46-43,33,main.go:2026-05-18_11-46-43
2026-05-18_11-49-36,33,main.go:2026-05-18_11-49-36
2026-05-18_14-21-05,33,main.go:2026-05-18_14-21-05
2026-05-18_14-24-06,50,main.go:2026-05-18_14-24-06
2026-05-18_14-28-29,66,main.go:2026-05-18_14-28-29
2026-05-18_15-08-06,66,main.go:2026-05-18_15-08-06
2026-05-18_15-08-34,66,main.go:2026-05-18_15-08-34
2026-05-18_15-09-07,66,main.go:2026-05-18_15-09-07
2026-05-18_15-10-22,66,main.go:2026-05-18_15-09-07
2026-05-18_15-10-56,66,main.go:2026-05-18_15-10-56
2026-05-18_15-11-10,66,main.go:2026-05-18_15-11-10
2026-05-18_15-11-55,66,main.go:2026-05-18_15-11-55
2026-05-18_15-16-07,66,main.go:2026-05-18_15-16-07
2026-05-18_15-16-51,66,main.go:2026-05-18_15-16-51
2026-05-18_15-17-22,66,main.go:2026-05-18_15-17-22
2026-05-18_15-20-45,66,main.go:2026-05-18_15-20-45
2026-05-18_15-22-29,66,main.go:2026-05-18_15-20-45
2026-05-18_15-24-20,66,main.go:2026-05-18_15-24-20
2026-05-18_15-24-38,66,main.go:2026-05-18_15-24-38
2026-05-18_15-26-19,66,main.go:2026-05-18_15-26-19
2026-05-18_15-26-49,83,main.go:2026-05-18_15-26-49
2026-05-18_15-29-14,83,main.go:2026-05-18_15-29-14
2026-05-18_15-42-51,83,main.go:2026-05-18_15-42-51
2026-05-18_15-45-15,83,main.go:2026-05-18_15-45-15
2026-05-18_15-48-04,83,main.go:2026-05-18_15-48-04
2026-05-18_15-48-18,83,main.go:2026-05-18_15-48-18
2026-05-18_15-53-00,83,main.go:2026-05-18_15-53-00
2026-05-18_15-53-31,83,main.go:2026-05-18_15-53-31
2026-05-19_08-12-59,83,main.go:2026-05-19_08-12-59
2026-05-19_15-39-16,83,main.go:2026-05-19_08-12-59
2026-05-19_15-39-26,---,main.go:2026-05-19_08-12-59
2026-05-19_15-40-51,100,main.go:2026-05-19_15-40-51
2026-05-19_15-45-54,83,main.go:2026-05-19_15-45-54
2026-05-19_15-46-16,100,main.go:2026-05-19_15-46-16
