2026-05-10_23-40-16,0,main.go:2026-05-10_23-40-16
2026-05-10_23-42-48,0,main.go:2026-05-10_23-42-48
2026-05-10_23-43-31,0,main.go:2026-05-10_23-43-31
2026-05-11_15-45-03,---,main.go:2026-05-11_15-45-03
2026-05-11_15-52-59,---,main.go:2026-05-11_15-52-59
2026-05-11_16-04-38,---,main.go:2026-05-11_16-04-38
2026-05-11_16-15-51,18,main.go:2026-05-11_16-15-51
2026-05-11_16-38-12,18,main.go:2026-05-11_16-38-12
2026-05-11_16-38-15,---,main.go:2026-05-11_16-38-12
2026-05-11_19-56-40,---,main.go:2026-05-11_19-56-40
2026-05-11_21-23-33,---,main.go:2026-05-11_21-23-33
2026-05-11_21-30-23,18,main.go:2026-05-11_21-30-23
2026-05-11_21-30-52,18,main.go:2026-05-11_21-30-52
2026-05-11_21-31-07,18,main.go:2026-05-11_21-31-07
2026-05-11_21-31-41,18,main.go:2026-05-11_21-31-41
2026-05-11_21-31-56,27,main.go:2026-05-11_21-31-56
2026-05-11_22-16-04,---,main.go:2026-05-11_22-16-04
2026-05-11_22-28-12,---,main.go:2026-05-11_22-28-12
2026-05-12_15-03-12,27,main.go:2026-05-12_15-03-12
2026-05-12_15-11-28,---,main.go:2026-05-12_15-03-12
2026-05-12_15-13-23,---,main.go:2026-05-12_15-03-12
2026-05-12_15-28-57,---,main.go:2026-05-12_15-28-57
2026-05-12_16-09-44,45,main.go:2026-05-12_16-09-44
2026-05-12_16-10-19,54,main.go:2026-05-12_16-10-19
2026-05-12_16-33-24,---,main.go:2026-05-12_16-10-19
2026-05-12_16-45-50,81,main.go:2026-05-12_16-45-50
2026-05-12_16-51-35,72,main.go:2026-05-12_16-51-35
2026-05-12_16-52-14,---,main.go:2026-05-12_16-52-14
2026-05-12_16-54-57,72,main.go:2026-05-12_16-54-57
2026-05-12_16-56-03,---,main.go:2026-05-12_16-54-57
2026-05-12_16-57-05,72,main.go:2026-05-12_16-54-57
2026-05-12_16-57-20,---,main.go:2026-05-12_16-54-57
2026-05-12_17-00-33,36,main.go:2026-05-12_17-00-33
2026-05-12_17-01-11,---,main.go:2026-05-12_17-01-11
2026-05-12_17-03-33,90,main.go:2026-05-12_17-03-33
2026-05-12_17-13-31,90,main.go:2026-05-12_17-13-31
2026-05-12_17-14-20,90,main.go:2026-05-12_17-14-20
2026-05-12_17-15-12,---,main.go:2026-05-12_17-15-12
2026-05-12_19-29-04,---,main.go:2026-05-12_19-29-04
2026-05-12_19-41-12,100,main.go:2026-05-12_19-41-12
