2026-05-25_13-13-02,0,main.go:2026-05-25_13-13-02
2026-05-25_13-22-45,0,main.go:2026-05-25_13-22-45
2026-05-25_13-23-18,0,main.go:2026-05-25_13-23-18
2026-05-25_13-25-54,0,main.go:2026-05-25_13-25-54
2026-05-25_13-29-13,0,main.go:2026-05-25_13-29-13
2026-05-25_13-30-05,14,main.go:2026-05-25_13-30-05
2026-05-25_13-53-30,14,main.go:2026-05-25_13-53-30
2026-05-25_14-05-11,14,main.go:2026-05-25_14-05-11
2026-05-25_14-05-23,42,main.go:2026-05-25_14-05-23
2026-05-25_14-08-14,42,main.go:2026-05-25_14-08-14
2026-05-25_14-10-27,42,main.go:2026-05-25_14-10-27
2026-05-25_14-12-17,42,main.go:2026-05-25_14-12-17
2026-05-25_14-12-53,42,main.go:2026-05-25_14-12-53
2026-05-25_14-22-31,42,main.go:2026-05-25_14-22-31
2026-05-25_14-26-35,42,main.go:2026-05-25_14-26-35
2026-05-25_15-12-30,42,main.go:2026-05-25_15-12-30
2026-05-25_15-18-13,42,main.go:2026-05-25_15-12-30
2026-05-25_15-23-49,42,main.go:2026-05-25_15-23-49
2026-05-25_15-29-43,57,main.go:2026-05-25_15-29-43
2026-05-25_15-44-23,57,main.go:2026-05-25_15-29-43
2026-05-25_15-45-49,57,main.go:2026-05-25_15-45-49
2026-05-25_15-50-09,57,main.go:2026-05-25_15-50-09
2026-05-25_15-53-07,57,main.go:2026-05-25_15-53-07
2026-05-25_15-53-39,71,main.go:2026-05-25_15-53-39
2026-05-25_16-16-57,85,main.go:2026-05-25_16-16-57
2026-05-25_16-26-38,85,main.go:2026-05-25_16-26-38
2026-05-25_16-29-07,85,main.go:2026-05-25_16-29-07
2026-05-25_16-29-16,100,main.go:2026-05-25_16-29-16
2026-05-25_16-51-50,100,main.go:2026-05-25_16-51-50
